filename,label
Dataset/Original/Train/infacted_IMG_1169.JPG,infacted
Dataset/Original/Train/infacted_IMG_1170.JPG,infacted
Dataset/Original/Train/infacted_IMG_1171.JPG,infacted
Dataset/Original/Train/infacted_IMG_1173.JPG,infacted
Dataset/Original/Train/infacted_IMG_1174.JPG,infacted
Dataset/Original/Train/infacted_IMG_1175.JPG,infacted
Dataset/Original/Train/infacted_IMG_1176.JPG,infacted
Dataset/Original/Train/infacted_IMG_1179.JPG,infacted
Dataset/Original/Train/infacted_IMG_1180.JPG,infacted
Dataset/Original/Train/infacted_IMG_1181.JPG,infacted
Dataset/Original/Train/infacted_IMG_1183.JPG,infacted
Dataset/Original/Train/infacted_IMG_1184.JPG,infacted
Dataset/Original/Train/infacted_IMG_1185.JPG,infacted
Dataset/Original/Train/infacted_IMG_1187.JPG,infacted
Dataset/Original/Train/infacted_IMG_1189.JPG,infacted
Dataset/Original/Train/infacted_IMG_1191.JPG,infacted
Dataset/Original/Train/infacted_IMG_1192.JPG,infacted
Dataset/Original/Train/infacted_IMG_1193.JPG,infacted
Dataset/Original/Train/infacted_IMG_1194.JPG,infacted
Dataset/Original/Train/infacted_IMG_1196.JPG,infacted
Dataset/Original/Train/infacted_IMG_1197.JPG,infacted
Dataset/Original/Train/infacted_IMG_1198.JPG,infacted
Dataset/Original/Train/infacted_IMG_1199.JPG,infacted
Dataset/Original/Train/infacted_IMG_1201.JPG,infacted
Dataset/Original/Train/infacted_IMG_1203.JPG,infacted
Dataset/Original/Train/infacted_IMG_1204.JPG,infacted
Dataset/Original/Train/infacted_IMG_1205.JPG,infacted
Dataset/Original/Train/infacted_IMG_1206.JPG,infacted
Dataset/Original/Train/infacted_IMG_1207.JPG,infacted
Dataset/Original/Train/infacted_IMG_1208.JPG,infacted
Dataset/Original/Train/infacted_IMG_1209.JPG,infacted
Dataset/Original/Train/infacted_IMG_1210.JPG,infacted
Dataset/Original/Train/infacted_IMG_1211.JPG,infacted
Dataset/Original/Train/infacted_IMG_1212.JPG,infacted
Dataset/Original/Train/infacted_IMG_1213.JPG,infacted
Dataset/Original/Train/infacted_IMG_1216.JPG,infacted
Dataset/Original/Train/infacted_IMG_1218.JPG,infacted
Dataset/Original/Train/infacted_IMG_1219.JPG,infacted
Dataset/Original/Train/infacted_IMG_1220.JPG,infacted
Dataset/Original/Train/infacted_IMG_1221.JPG,infacted
Dataset/Original/Train/infacted_IMG_1223.JPG,infacted
Dataset/Original/Train/infacted_IMG_1224.JPG,infacted
Dataset/Original/Train/infacted_IMG_1225.JPG,infacted
Dataset/Original/Train/infacted_IMG_1226.JPG,infacted
Dataset/Original/Train/infacted_IMG_1227.JPG,infacted
Dataset/Original/Train/infacted_IMG_1228.JPG,infacted
Dataset/Original/Train/infacted_IMG_1229.JPG,infacted
Dataset/Original/Train/infacted_IMG_1230.JPG,infacted
Dataset/Original/Train/infacted_IMG_1232.JPG,infacted
Dataset/Original/Train/infacted_IMG_1233.JPG,infacted
Dataset/Original/Train/infacted_IMG_1234.JPG,infacted
Dataset/Original/Train/infacted_IMG_1235.JPG,infacted
Dataset/Original/Train/infacted_IMG_1236.JPG,infacted
Dataset/Original/Train/infacted_IMG_1237.JPG,infacted
Dataset/Original/Train/infacted_IMG_1238.JPG,infacted
Dataset/Original/Train/infacted_IMG_1239.JPG,infacted
Dataset/Original/Train/infacted_IMG_1240.JPG,infacted
Dataset/Original/Train/infacted_IMG_1241.JPG,infacted
Dataset/Original/Train/infacted_IMG_1243.JPG,infacted
Dataset/Original/Train/infacted_IMG_1244.JPG,infacted
Dataset/Original/Train/infacted_IMG_1246.JPG,infacted
Dataset/Original/Train/infacted_IMG_1247.JPG,infacted
Dataset/Original/Train/infacted_IMG_1248.JPG,infacted
Dataset/Original/Train/infacted_IMG_1249.JPG,infacted
Dataset/Original/Train/infacted_IMG_1251.JPG,infacted
Dataset/Original/Train/infacted_IMG_1252.JPG,infacted
Dataset/Original/Train/infacted_IMG_1253.JPG,infacted
Dataset/Original/Train/infacted_IMG_1254.JPG,infacted
Dataset/Original/Train/infacted_IMG_1256.JPG,infacted
Dataset/Original/Train/infacted_IMG_1257.JPG,infacted
Dataset/Original/Train/infacted_IMG_1258.JPG,infacted
Dataset/Original/Train/infacted_IMG_1260.JPG,infacted
Dataset/Original/Train/infacted_IMG_1261.JPG,infacted
Dataset/Original/Train/infacted_IMG_1262.JPG,infacted
Dataset/Original/Train/infacted_IMG_1264.JPG,infacted
Dataset/Original/Train/infacted_IMG_1265.JPG,infacted
Dataset/Original/Train/infacted_IMG_1266.JPG,infacted
Dataset/Original/Train/infacted_IMG_1267.JPG,infacted
Dataset/Original/Train/infacted_IMG_1268.JPG,infacted
Dataset/Original/Train/infacted_IMG_1270.JPG,infacted
Dataset/Original/Train/infacted_IMG_1271.JPG,infacted
Dataset/Original/Train/infacted_IMG_1272.JPG,infacted
Dataset/Original/Train/infacted_IMG_1273.JPG,infacted
Dataset/Original/Train/infacted_IMG_1274.JPG,infacted
Dataset/Original/Train/infacted_IMG_1275.JPG,infacted
Dataset/Original/Train/infacted_IMG_1276.JPG,infacted
Dataset/Original/Train/infacted_IMG_1277.JPG,infacted
Dataset/Original/Train/infacted_IMG_1279.JPG,infacted
Dataset/Original/Train/infacted_IMG_1280.JPG,infacted
Dataset/Original/Train/infacted_IMG_1281.JPG,infacted
Dataset/Original/Train/infacted_IMG_1282.JPG,infacted
Dataset/Original/Train/infacted_IMG_1283.JPG,infacted
Dataset/Original/Train/infacted_IMG_1284.JPG,infacted
Dataset/Original/Train/infacted_IMG_1285.JPG,infacted
Dataset/Original/Train/infacted_IMG_1286.JPG,infacted
Dataset/Original/Train/infacted_IMG_1288.JPG,infacted
Dataset/Original/Train/infacted_IMG_1289.JPG,infacted
Dataset/Original/Train/infacted_IMG_1290.JPG,infacted
Dataset/Original/Train/infacted_IMG_1291.JPG,infacted
Dataset/Original/Train/infacted_IMG_1292.JPG,infacted
Dataset/Original/Train/infacted_IMG_1293.JPG,infacted
Dataset/Original/Train/infacted_IMG_1294.JPG,infacted
Dataset/Original/Train/infacted_IMG_1296.JPG,infacted
Dataset/Original/Train/infacted_IMG_1298.JPG,infacted
Dataset/Original/Train/infacted_IMG_1301.JPG,infacted
Dataset/Original/Train/infacted_IMG_1302.JPG,infacted
Dataset/Original/Train/infacted_IMG_1303.JPG,infacted
Dataset/Original/Train/infacted_IMG_1304.JPG,infacted
Dataset/Original/Train/infacted_IMG_1306.JPG,infacted
Dataset/Original/Train/infacted_IMG_1307.JPG,infacted
Dataset/Original/Train/infacted_IMG_1308.JPG,infacted
Dataset/Original/Train/infacted_IMG_1309.JPG,infacted
Dataset/Original/Train/infacted_IMG_1310.JPG,infacted
Dataset/Original/Train/infacted_IMG_1311.JPG,infacted
Dataset/Original/Train/infacted_IMG_1312.JPG,infacted
Dataset/Original/Train/infacted_IMG_1313.JPG,infacted
Dataset/Original/Train/infacted_IMG_1314.JPG,infacted
Dataset/Original/Train/infacted_IMG_1315.JPG,infacted
Dataset/Original/Train/infacted_IMG_1316.JPG,infacted
Dataset/Original/Train/infacted_IMG_1317.JPG,infacted
Dataset/Original/Train/infacted_IMG_1318.JPG,infacted
Dataset/Original/Train/infacted_IMG_1319.JPG,infacted
Dataset/Original/Train/infacted_IMG_1321.JPG,infacted
Dataset/Original/Train/infacted_IMG_1322.JPG,infacted
Dataset/Original/Train/infacted_IMG_1324.JPG,infacted
Dataset/Original/Train/infacted_IMG_1326.JPG,infacted
Dataset/Original/Train/infacted_IMG_1327.JPG,infacted
Dataset/Original/Train/infacted_IMG_1328.JPG,infacted
Dataset/Original/Train/infacted_IMG_1330.JPG,infacted
Dataset/Original/Train/infacted_IMG_1331.JPG,infacted
Dataset/Original/Train/infacted_IMG_1332.JPG,infacted
Dataset/Original/Train/infacted_IMG_1333.JPG,infacted
Dataset/Original/Train/infacted_IMG_1334.JPG,infacted
Dataset/Original/Train/infacted_IMG_1335.JPG,infacted
Dataset/Original/Train/infacted_IMG_1336.JPG,infacted
Dataset/Original/Train/infacted_IMG_1337.JPG,infacted
Dataset/Original/Train/infacted_IMG_1338.JPG,infacted
Dataset/Original/Train/infacted_IMG_1339.JPG,infacted
Dataset/Original/Train/infacted_IMG_1340.JPG,infacted
Dataset/Original/Train/infacted_IMG_1341.JPG,infacted
Dataset/Original/Train/infacted_IMG_1342.JPG,infacted
Dataset/Original/Train/infacted_IMG_1344.JPG,infacted
Dataset/Original/Train/infacted_IMG_1347.JPG,infacted
Dataset/Original/Train/infacted_IMG_1348.JPG,infacted
Dataset/Original/Train/infacted_IMG_1349.JPG,infacted
Dataset/Original/Train/infacted_IMG_1350.JPG,infacted
Dataset/Original/Train/infacted_IMG_1351.JPG,infacted
Dataset/Original/Train/infacted_IMG_1352.JPG,infacted
Dataset/Original/Train/infacted_IMG_1353.JPG,infacted
Dataset/Original/Train/infacted_IMG_1354.JPG,infacted
Dataset/Original/Train/infacted_IMG_1355.JPG,infacted
Dataset/Original/Train/infacted_IMG_1356.JPG,infacted
Dataset/Original/Train/infacted_IMG_1357.JPG,infacted
Dataset/Original/Train/infacted_IMG_1358.JPG,infacted
Dataset/Original/Train/infacted_IMG_1359.JPG,infacted
Dataset/Original/Train/infacted_IMG_1361.JPG,infacted
Dataset/Original/Train/infacted_IMG_1363.JPG,infacted
Dataset/Original/Train/infacted_IMG_1366.JPG,infacted
Dataset/Original/Train/infacted_IMG_1367.JPG,infacted
Dataset/Original/Train/infacted_IMG_1368.JPG,infacted
Dataset/Original/Train/infacted_IMG_1369.JPG,infacted
Dataset/Original/Train/infacted_IMG_1370.JPG,infacted
Dataset/Original/Train/infacted_IMG_1371.JPG,infacted
Dataset/Original/Train/infacted_IMG_1372.JPG,infacted
Dataset/Original/Train/infacted_IMG_1373.JPG,infacted
Dataset/Original/Train/infacted_IMG_1374.JPG,infacted
Dataset/Original/Train/infacted_IMG_1376.JPG,infacted
Dataset/Original/Train/infacted_IMG_1377.JPG,infacted
Dataset/Original/Train/infacted_IMG_1378.JPG,infacted
Dataset/Original/Train/infacted_IMG_1379.JPG,infacted
Dataset/Original/Train/infacted_IMG_1381.JPG,infacted
Dataset/Original/Train/infacted_IMG_1382.JPG,infacted
Dataset/Original/Train/infacted_IMG_1383.JPG,infacted
Dataset/Original/Train/infacted_IMG_1384.JPG,infacted
Dataset/Original/Train/infacted_IMG_1385.JPG,infacted
Dataset/Original/Train/infacted_IMG_1387.JPG,infacted
Dataset/Original/Train/infacted_IMG_1388.JPG,infacted
Dataset/Original/Train/infacted_IMG_1389.JPG,infacted
Dataset/Original/Train/infacted_IMG_1390.JPG,infacted
Dataset/Original/Train/infacted_IMG_1391.JPG,infacted
Dataset/Original/Train/infacted_IMG_1392.JPG,infacted
Dataset/Original/Train/infacted_IMG_1393.JPG,infacted
Dataset/Original/Train/infacted_IMG_1394.JPG,infacted
Dataset/Original/Train/infacted_IMG_1395.JPG,infacted
Dataset/Original/Train/infacted_IMG_1396.JPG,infacted
Dataset/Original/Train/infacted_IMG_1397.JPG,infacted
Dataset/Original/Train/infacted_IMG_1398.JPG,infacted
Dataset/Original/Train/infacted_IMG_1400.JPG,infacted
Dataset/Original/Train/infacted_IMG_1403.JPG,infacted
Dataset/Original/Train/infacted_IMG_1404.JPG,infacted
Dataset/Original/Train/infacted_IMG_1405.JPG,infacted
Dataset/Original/Train/infacted_IMG_1406.JPG,infacted
Dataset/Original/Train/infacted_IMG_1407.JPG,infacted
Dataset/Original/Train/infacted_IMG_1409.JPG,infacted
Dataset/Original/Train/infacted_IMG_1410.JPG,infacted
Dataset/Original/Train/infacted_IMG_1411.JPG,infacted
Dataset/Original/Train/infacted_IMG_1412.JPG,infacted
Dataset/Original/Train/infacted_IMG_1413.JPG,infacted
Dataset/Original/Train/infacted_IMG_1414.JPG,infacted
Dataset/Original/Train/infacted_IMG_1415.JPG,infacted
Dataset/Original/Train/infacted_IMG_1417.JPG,infacted
Dataset/Original/Train/infacted_IMG_1418.JPG,infacted
Dataset/Original/Train/infacted_IMG_1419.JPG,infacted
Dataset/Original/Train/infacted_IMG_1420.JPG,infacted
Dataset/Original/Train/infacted_IMG_1421.JPG,infacted
Dataset/Original/Train/infacted_IMG_1423.JPG,infacted
Dataset/Original/Train/infacted_IMG_1425.JPG,infacted
Dataset/Original/Train/infacted_IMG_1428.JPG,infacted
Dataset/Original/Train/infacted_IMG_1429.JPG,infacted
Dataset/Original/Train/infacted_IMG_1430.JPG,infacted
Dataset/Original/Train/infacted_IMG_1432.JPG,infacted
Dataset/Original/Train/infacted_IMG_1433.JPG,infacted
Dataset/Original/Train/infacted_IMG_1434.JPG,infacted
Dataset/Original/Train/infacted_IMG_1435.JPG,infacted
Dataset/Original/Train/infacted_IMG_1436.JPG,infacted
Dataset/Original/Train/infacted_IMG_1437.JPG,infacted
Dataset/Original/Train/infacted_IMG_1438.JPG,infacted
Dataset/Original/Train/infacted_IMG_1439.JPG,infacted
Dataset/Original/Train/infacted_IMG_1440.JPG,infacted
Dataset/Original/Train/infacted_IMG_1442.JPG,infacted
Dataset/Original/Train/infacted_IMG_1444.JPG,infacted
Dataset/Original/Train/infacted_IMG_1445.JPG,infacted
Dataset/Original/Train/infacted_IMG_1446.JPG,infacted
Dataset/Original/Train/infacted_IMG_1447.JPG,infacted
Dataset/Original/Train/infacted_IMG_1448.JPG,infacted
Dataset/Original/Train/infacted_IMG_1449.JPG,infacted
Dataset/Original/Train/infacted_IMG_1451.JPG,infacted
Dataset/Original/Train/infacted_IMG_1453.JPG,infacted
Dataset/Original/Train/infacted_IMG_1454.JPG,infacted
Dataset/Original/Train/infacted_IMG_1455.JPG,infacted
Dataset/Original/Train/infacted_IMG_1457.JPG,infacted
Dataset/Original/Train/infacted_IMG_1458.JPG,infacted
Dataset/Original/Train/infacted_IMG_1463.JPG,infacted
Dataset/Original/Train/infacted_IMG_1464.JPG,infacted
Dataset/Original/Train/infacted_IMG_1465.JPG,infacted
Dataset/Original/Train/infacted_IMG_1467.JPG,infacted
Dataset/Original/Train/infacted_IMG_1468.JPG,infacted
Dataset/Original/Train/infacted_IMG_1469.JPG,infacted
Dataset/Original/Train/infacted_IMG_1471.JPG,infacted
Dataset/Original/Train/infacted_IMG_1472.JPG,infacted
Dataset/Original/Train/infacted_IMG_1474.JPG,infacted
Dataset/Original/Train/infacted_IMG_1475.JPG,infacted
Dataset/Original/Train/infacted_IMG_1476.JPG,infacted
Dataset/Original/Train/infacted_IMG_1477.JPG,infacted
Dataset/Original/Train/infacted_IMG_1478.JPG,infacted
Dataset/Original/Train/infacted_IMG_1479.JPG,infacted
Dataset/Original/Train/infacted_IMG_1480.JPG,infacted
Dataset/Original/Train/infacted_IMG_1481.JPG,infacted
Dataset/Original/Train/infacted_IMG_1482.JPG,infacted
Dataset/Original/Train/infacted_IMG_1483.JPG,infacted
Dataset/Original/Train/infacted_IMG_1484.JPG,infacted
Dataset/Original/Train/infacted_IMG_1485.JPG,infacted
Dataset/Original/Train/infacted_IMG_1486.JPG,infacted
Dataset/Original/Train/infacted_IMG_1487.JPG,infacted
Dataset/Original/Train/infacted_IMG_1488.JPG,infacted
Dataset/Original/Train/infacted_IMG_1489.JPG,infacted
Dataset/Original/Train/infacted_IMG_1490.JPG,infacted
Dataset/Original/Train/infacted_IMG_1491.JPG,infacted
Dataset/Original/Train/infacted_IMG_1492.JPG,infacted
Dataset/Original/Train/infacted_IMG_1493.JPG,infacted
Dataset/Original/Train/infacted_IMG_1494.JPG,infacted
Dataset/Original/Train/infacted_IMG_1495.JPG,infacted
Dataset/Original/Train/infacted_IMG_1496.JPG,infacted
Dataset/Original/Train/infacted_IMG_1497.JPG,infacted
Dataset/Original/Train/infacted_IMG_1498.JPG,infacted
Dataset/Original/Train/infacted_IMG_1501.JPG,infacted
Dataset/Original/Train/infacted_IMG_1502.JPG,infacted
Dataset/Original/Train/infacted_IMG_1503.JPG,infacted
Dataset/Original/Train/infacted_IMG_1504.JPG,infacted
Dataset/Original/Train/infacted_IMG_1505.JPG,infacted
Dataset/Original/Train/infacted_IMG_1509.JPG,infacted
Dataset/Original/Train/infacted_IMG_1510.JPG,infacted
Dataset/Original/Train/infacted_IMG_1511.JPG,infacted
Dataset/Original/Train/infacted_IMG_1512.JPG,infacted
Dataset/Original/Train/infacted_IMG_1514.JPG,infacted
Dataset/Original/Train/infacted_IMG_1516.JPG,infacted
Dataset/Original/Train/infacted_IMG_1518.JPG,infacted
Dataset/Original/Train/infacted_IMG_1520.JPG,infacted
Dataset/Original/Train/infacted_IMG_1521.JPG,infacted
Dataset/Original/Train/infacted_IMG_1522.JPG,infacted
Dataset/Original/Train/infacted_IMG_1524.JPG,infacted
Dataset/Original/Train/infacted_IMG_1525.JPG,infacted
Dataset/Original/Train/infacted_IMG_1526.JPG,infacted
Dataset/Original/Train/infacted_IMG_1527.JPG,infacted
Dataset/Original/Train/infacted_IMG_1528.JPG,infacted
Dataset/Original/Train/infacted_IMG_1529.JPG,infacted
Dataset/Original/Train/infacted_IMG_1530.JPG,infacted
Dataset/Original/Train/infacted_IMG_1531.JPG,infacted
Dataset/Original/Train/infacted_IMG_1532.JPG,infacted
Dataset/Original/Train/infacted_IMG_1533.JPG,infacted
Dataset/Original/Train/infacted_IMG_1534.JPG,infacted
Dataset/Original/Train/infacted_IMG_1535.JPG,infacted
Dataset/Original/Train/infacted_IMG_1536.JPG,infacted
Dataset/Original/Train/infacted_IMG_1537.JPG,infacted
Dataset/Original/Train/infacted_IMG_1538.JPG,infacted
Dataset/Original/Train/infacted_IMG_1539.JPG,infacted
Dataset/Original/Train/infacted_IMG_1540.JPG,infacted
Dataset/Original/Train/infacted_IMG_1543.JPG,infacted
Dataset/Original/Train/infacted_IMG_1544.JPG,infacted
Dataset/Original/Train/infacted_IMG_1547.JPG,infacted
Dataset/Original/Train/infacted_IMG_1548.JPG,infacted
Dataset/Original/Train/infacted_IMG_1549.JPG,infacted
Dataset/Original/Train/infacted_IMG_1550.JPG,infacted
Dataset/Original/Train/infacted_IMG_1551.JPG,infacted
Dataset/Original/Train/infacted_IMG_1552.JPG,infacted
Dataset/Original/Train/infacted_IMG_1553.JPG,infacted
Dataset/Original/Train/infacted_IMG_1554.JPG,infacted
Dataset/Original/Train/infacted_IMG_1555.JPG,infacted
Dataset/Original/Train/infacted_IMG_1557.JPG,infacted
Dataset/Original/Train/infacted_IMG_1558.JPG,infacted
Dataset/Original/Train/infacted_IMG_1560.JPG,infacted
Dataset/Original/Train/infacted_IMG_1561.JPG,infacted
Dataset/Original/Train/infacted_IMG_1563.JPG,infacted
Dataset/Original/Train/infacted_IMG_1564.JPG,infacted
Dataset/Original/Train/infacted_IMG_1565.JPG,infacted
Dataset/Original/Train/infacted_IMG_1566.JPG,infacted
Dataset/Original/Train/infacted_IMG_1567.JPG,infacted
Dataset/Original/Train/infacted_IMG_1568.JPG,infacted
Dataset/Original/Train/infacted_IMG_1570.JPG,infacted
Dataset/Original/Train/infacted_IMG_1571.JPG,infacted
Dataset/Original/Train/infacted_IMG_1573.JPG,infacted
Dataset/Original/Train/infacted_IMG_1575.JPG,infacted
Dataset/Original/Train/infacted_IMG_1576.JPG,infacted
Dataset/Original/Train/infacted_IMG_1578.JPG,infacted
Dataset/Original/Train/infacted_IMG_1579.JPG,infacted
Dataset/Original/Train/infacted_IMG_1580.JPG,infacted
Dataset/Original/Train/infacted_IMG_1582.JPG,infacted
Dataset/Original/Train/infacted_IMG_1583.JPG,infacted
Dataset/Original/Train/infacted_IMG_1584.JPG,infacted
Dataset/Original/Train/infacted_IMG_1585.JPG,infacted
Dataset/Original/Train/infacted_IMG_1586.JPG,infacted
Dataset/Original/Train/infacted_IMG_1587.JPG,infacted
Dataset/Original/Train/infacted_IMG_1589.JPG,infacted
Dataset/Original/Train/infacted_IMG_1591.JPG,infacted
Dataset/Original/Train/infacted_IMG_1592.JPG,infacted
Dataset/Original/Train/infacted_IMG_1594.JPG,infacted
Dataset/Original/Train/infacted_IMG_1597.JPG,infacted
Dataset/Original/Train/infacted_IMG_1598.JPG,infacted
Dataset/Original/Train/infacted_IMG_1599.JPG,infacted
Dataset/Original/Train/infacted_IMG_1600.JPG,infacted
Dataset/Original/Train/infacted_IMG_1601.JPG,infacted
Dataset/Original/Train/infacted_IMG_1602.JPG,infacted
Dataset/Original/Train/infacted_IMG_1604.JPG,infacted
Dataset/Original/Train/infacted_IMG_1606.JPG,infacted
Dataset/Original/Train/infacted_IMG_1607.JPG,infacted
Dataset/Original/Train/infacted_IMG_1608.JPG,infacted
Dataset/Original/Train/infacted_IMG_1609.JPG,infacted
Dataset/Original/Train/infacted_IMG_1610.JPG,infacted
Dataset/Original/Train/infacted_IMG_1611.JPG,infacted
Dataset/Original/Train/infacted_IMG_1612.JPG,infacted
Dataset/Original/Train/infacted_IMG_1614.JPG,infacted
Dataset/Original/Train/infacted_IMG_1616.JPG,infacted
Dataset/Original/Train/infacted_IMG_1617.JPG,infacted
Dataset/Original/Train/infacted_IMG_1618.JPG,infacted
Dataset/Original/Train/infacted_IMG_1619.JPG,infacted
Dataset/Original/Train/infacted_IMG_1621.JPG,infacted
Dataset/Original/Train/infacted_IMG_1623.JPG,infacted
Dataset/Original/Train/infacted_IMG_1624.JPG,infacted
Dataset/Original/Train/infacted_IMG_1626.JPG,infacted
Dataset/Original/Train/infacted_IMG_1627.JPG,infacted
Dataset/Original/Train/infacted_IMG_1631.JPG,infacted
Dataset/Original/Train/infacted_IMG_1633.JPG,infacted
Dataset/Original/Train/infacted_IMG_1634.JPG,infacted
Dataset/Original/Train/infacted_IMG_1635.JPG,infacted
Dataset/Original/Train/infacted_IMG_1636.JPG,infacted
Dataset/Original/Train/infacted_IMG_1637.JPG,infacted
Dataset/Original/Train/infacted_IMG_1638.JPG,infacted
Dataset/Original/Train/infacted_IMG_1640.JPG,infacted
Dataset/Original/Train/infacted_IMG_1641.JPG,infacted
Dataset/Original/Train/infacted_IMG_1642.JPG,infacted
Dataset/Original/Train/infacted_IMG_1643.JPG,infacted
Dataset/Original/Train/infacted_IMG_1644.JPG,infacted
Dataset/Original/Train/infacted_IMG_1645.JPG,infacted
Dataset/Original/Train/infacted_IMG_1646.JPG,infacted
Dataset/Original/Train/infacted_IMG_1647.JPG,infacted
Dataset/Original/Train/infacted_IMG_1648.JPG,infacted
Dataset/Original/Train/infacted_IMG_1649.JPG,infacted
Dataset/Original/Train/infacted_IMG_1650.JPG,infacted
Dataset/Original/Train/infacted_IMG_1651.JPG,infacted
Dataset/Original/Train/infacted_IMG_1652.JPG,infacted
Dataset/Original/Train/infacted_IMG_1654.JPG,infacted
Dataset/Original/Train/infacted_IMG_1656.JPG,infacted
Dataset/Original/Train/infacted_IMG_1657.JPG,infacted
Dataset/Original/Train/infacted_IMG_1658.JPG,infacted
Dataset/Original/Train/infacted_IMG_1659.JPG,infacted
Dataset/Original/Train/infacted_IMG_1660.JPG,infacted
Dataset/Original/Train/infacted_IMG_1662.JPG,infacted
Dataset/Original/Train/infacted_IMG_1663.JPG,infacted
Dataset/Original/Train/infacted_IMG_1664.JPG,infacted
Dataset/Original/Train/infacted_IMG_1665.JPG,infacted
Dataset/Original/Train/infacted_IMG_1666.JPG,infacted
Dataset/Original/Train/infacted_IMG_1667.JPG,infacted
Dataset/Original/Train/infacted_IMG_1668.JPG,infacted
Dataset/Original/Train/infacted_IMG_1669.JPG,infacted
Dataset/Original/Train/infacted_IMG_1670.JPG,infacted
Dataset/Original/Train/infacted_IMG_1671.JPG,infacted
Dataset/Original/Train/infacted_IMG_1673.JPG,infacted
Dataset/Original/Train/infacted_IMG_1674.JPG,infacted
Dataset/Original/Train/infacted_IMG_1675.JPG,infacted
Dataset/Original/Train/infacted_IMG_1676.JPG,infacted
Dataset/Original/Train/infacted_IMG_1677.JPG,infacted
Dataset/Original/Train/infacted_IMG_1678.JPG,infacted
Dataset/Original/Train/infacted_IMG_1680.JPG,infacted
Dataset/Original/Train/infacted_IMG_1681.JPG,infacted
Dataset/Original/Train/infacted_IMG_1682.JPG,infacted
Dataset/Original/Train/infacted_IMG_1683.JPG,infacted
Dataset/Original/Train/infacted_IMG_1685.JPG,infacted
Dataset/Original/Train/infacted_IMG_1686.JPG,infacted
Dataset/Original/Train/infacted_IMG_1687.JPG,infacted
Dataset/Original/Train/infacted_IMG_1688.JPG,infacted
Dataset/Original/Train/infacted_IMG_1689.JPG,infacted
Dataset/Original/Train/infacted_IMG_1690.JPG,infacted
Dataset/Original/Train/infacted_IMG_1691.JPG,infacted
Dataset/Original/Train/infacted_IMG_1692.JPG,infacted
Dataset/Original/Train/infacted_IMG_1693.JPG,infacted
Dataset/Original/Train/infacted_IMG_1694.JPG,infacted
Dataset/Original/Train/infacted_IMG_1695.JPG,infacted
Dataset/Original/Train/infacted_IMG_1699.JPG,infacted
Dataset/Original/Train/infacted_IMG_1701.JPG,infacted
Dataset/Original/Train/infacted_IMG_1702.JPG,infacted
Dataset/Original/Train/infacted_IMG_1703.JPG,infacted
Dataset/Original/Train/infacted_IMG_1705.JPG,infacted
Dataset/Original/Train/infacted_IMG_1706.JPG,infacted
Dataset/Original/Train/infacted_IMG_1707.JPG,infacted
Dataset/Original/Train/infacted_IMG_1708.JPG,infacted
Dataset/Original/Train/infacted_IMG_1709.JPG,infacted
Dataset/Original/Train/infacted_IMG_1710.JPG,infacted
Dataset/Original/Train/infacted_IMG_1711.JPG,infacted
Dataset/Original/Train/infacted_IMG_1712.JPG,infacted
Dataset/Original/Train/infacted_IMG_1714.JPG,infacted
Dataset/Original/Train/infacted_IMG_1716.JPG,infacted
Dataset/Original/Train/infacted_IMG_1717.JPG,infacted
Dataset/Original/Train/infacted_IMG_1718.JPG,infacted
Dataset/Original/Train/infacted_IMG_1719.JPG,infacted
Dataset/Original/Train/infacted_IMG_1721.JPG,infacted
Dataset/Original/Train/infacted_IMG_1722.JPG,infacted
Dataset/Original/Train/infacted_IMG_1723.JPG,infacted
Dataset/Original/Train/infacted_IMG_1724.JPG,infacted
Dataset/Original/Train/infacted_IMG_1725.JPG,infacted
Dataset/Original/Train/infacted_IMG_1727.JPG,infacted
Dataset/Original/Train/infacted_IMG_1728.JPG,infacted
Dataset/Original/Train/infacted_IMG_1729.JPG,infacted
Dataset/Original/Train/infacted_IMG_1730.JPG,infacted
Dataset/Original/Train/infacted_IMG_1731.JPG,infacted
Dataset/Original/Train/infacted_IMG_1733.JPG,infacted
Dataset/Original/Train/infacted_IMG_1734.JPG,infacted
Dataset/Original/Train/infacted_IMG_1736.JPG,infacted
Dataset/Original/Train/infacted_IMG_1737.JPG,infacted
Dataset/Original/Train/infacted_IMG_1739.JPG,infacted
Dataset/Original/Train/infacted_IMG_1740.JPG,infacted
Dataset/Original/Train/infacted_IMG_1742.JPG,infacted
Dataset/Original/Train/infacted_IMG_1743.JPG,infacted
Dataset/Original/Train/infacted_IMG_1744.JPG,infacted
Dataset/Original/Train/infacted_IMG_1745.JPG,infacted
Dataset/Original/Train/infacted_IMG_1746.JPG,infacted
Dataset/Original/Train/infacted_IMG_1748.JPG,infacted
Dataset/Original/Train/infacted_IMG_1749.JPG,infacted
Dataset/Original/Train/infacted_IMG_1750.JPG,infacted
Dataset/Original/Train/infacted_IMG_1751.JPG,infacted
Dataset/Original/Train/infacted_IMG_1752.JPG,infacted
Dataset/Original/Train/infacted_IMG_1753.JPG,infacted
Dataset/Original/Train/infacted_IMG_1754.JPG,infacted
Dataset/Original/Train/infacted_IMG_1755.JPG,infacted
Dataset/Original/Train/infacted_IMG_1756.JPG,infacted
Dataset/Original/Train/infacted_IMG_1758.JPG,infacted
Dataset/Original/Train/infacted_IMG_1759.JPG,infacted
Dataset/Original/Train/infacted_IMG_1762.JPG,infacted
Dataset/Original/Train/infacted_IMG_1764.JPG,infacted
Dataset/Original/Train/infacted_IMG_1765.JPG,infacted
Dataset/Original/Train/infacted_IMG_1766.JPG,infacted
Dataset/Original/Train/infacted_IMG_1767.JPG,infacted
Dataset/Original/Train/infacted_IMG_1768.JPG,infacted
Dataset/Original/Train/infacted_IMG_1769.JPG,infacted
Dataset/Original/Train/infacted_IMG_1770.JPG,infacted
Dataset/Original/Train/infacted_IMG_1771.JPG,infacted
Dataset/Original/Train/infacted_IMG_1772.JPG,infacted
Dataset/Original/Train/infacted_IMG_1773.JPG,infacted
Dataset/Original/Train/infacted_IMG_1774.JPG,infacted
Dataset/Original/Train/infacted_IMG_1775.JPG,infacted
Dataset/Original/Train/infacted_IMG_1776.JPG,infacted
Dataset/Original/Train/infacted_IMG_1777.JPG,infacted
Dataset/Original/Train/infacted_IMG_1778.JPG,infacted
Dataset/Original/Train/infacted_IMG_1779.JPG,infacted
Dataset/Original/Train/infacted_IMG_1780.JPG,infacted
Dataset/Original/Train/infacted_IMG_1781.JPG,infacted
Dataset/Original/Train/infacted_IMG_1783.JPG,infacted
Dataset/Original/Train/infacted_IMG_1784.JPG,infacted
Dataset/Original/Train/infacted_IMG_1785.JPG,infacted
Dataset/Original/Train/infacted_IMG_1786.JPG,infacted
Dataset/Original/Train/infacted_IMG_1787.JPG,infacted
Dataset/Original/Train/infacted_IMG_1789.JPG,infacted
Dataset/Original/Train/infacted_IMG_1790.JPG,infacted
Dataset/Original/Train/infacted_IMG_1791.JPG,infacted
Dataset/Original/Train/infacted_IMG_1792.JPG,infacted
Dataset/Original/Train/infacted_IMG_1793.JPG,infacted
Dataset/Original/Train/infacted_IMG_1795.JPG,infacted
Dataset/Original/Train/infacted_IMG_1797.JPG,infacted
Dataset/Original/Train/infacted_IMG_1799.JPG,infacted
Dataset/Original/Train/infacted_IMG_1800.JPG,infacted
Dataset/Original/Train/infacted_IMG_1801.JPG,infacted
Dataset/Original/Train/infacted_IMG_1803.JPG,infacted
Dataset/Original/Train/infacted_IMG_1804.JPG,infacted
Dataset/Original/Train/infacted_IMG_1805.JPG,infacted
Dataset/Original/Train/infacted_IMG_1806.JPG,infacted
Dataset/Original/Train/infacted_IMG_1807.JPG,infacted
Dataset/Original/Train/infacted_IMG_1808.JPG,infacted
Dataset/Original/Train/infacted_IMG_1809.JPG,infacted
Dataset/Original/Train/infacted_IMG_1810.JPG,infacted
Dataset/Original/Train/infacted_IMG_1811.JPG,infacted
Dataset/Original/Train/infacted_IMG_1812.JPG,infacted
Dataset/Original/Train/infacted_IMG_1814.JPG,infacted
Dataset/Original/Train/infacted_IMG_1815.JPG,infacted
Dataset/Original/Train/infacted_IMG_1816.JPG,infacted
Dataset/Original/Train/infacted_IMG_1817.JPG,infacted
Dataset/Original/Train/infacted_IMG_1818.JPG,infacted
Dataset/Original/Train/infacted_IMG_1819.JPG,infacted
Dataset/Original/Train/infacted_IMG_1820.JPG,infacted
Dataset/Original/Train/infacted_IMG_1821.JPG,infacted
Dataset/Original/Train/infacted_IMG_1823.JPG,infacted
Dataset/Original/Train/infacted_IMG_1824.JPG,infacted
Dataset/Original/Train/infacted_IMG_1825.JPG,infacted
Dataset/Original/Train/infacted_IMG_1827.JPG,infacted
Dataset/Original/Train/infacted_IMG_1828.JPG,infacted
Dataset/Original/Train/infacted_IMG_1829.JPG,infacted
Dataset/Original/Train/infacted_IMG_1830.JPG,infacted
Dataset/Original/Train/infacted_IMG_1832.JPG,infacted
Dataset/Original/Train/infacted_IMG_1833.JPG,infacted
Dataset/Original/Train/infacted_IMG_1834.JPG,infacted
Dataset/Original/Train/infacted_IMG_1835.JPG,infacted
Dataset/Original/Train/infacted_IMG_1836.JPG,infacted
Dataset/Original/Train/infacted_IMG_1837.JPG,infacted
Dataset/Original/Train/infacted_IMG_1838.JPG,infacted
Dataset/Original/Train/infacted_IMG_1839.JPG,infacted
Dataset/Original/Train/infacted_IMG_1840.JPG,infacted
Dataset/Original/Train/infacted_IMG_1841.JPG,infacted
Dataset/Original/Train/infacted_IMG_1842.JPG,infacted
Dataset/Original/Train/infacted_IMG_1843.JPG,infacted
Dataset/Original/Train/infacted_IMG_1844.JPG,infacted
Dataset/Original/Train/infacted_IMG_1845.JPG,infacted
Dataset/Original/Train/infacted_IMG_1846.JPG,infacted
Dataset/Original/Train/infacted_IMG_1847.JPG,infacted
Dataset/Original/Train/infacted_IMG_1848.JPG,infacted
Dataset/Original/Train/infacted_IMG_1850.JPG,infacted
Dataset/Original/Train/infacted_IMG_1851.JPG,infacted
Dataset/Original/Train/infacted_IMG_1852.JPG,infacted
Dataset/Original/Train/infacted_IMG_1853.JPG,infacted
Dataset/Original/Train/infacted_IMG_1854.JPG,infacted
Dataset/Original/Train/infacted_IMG_1855.JPG,infacted
Dataset/Original/Train/infacted_IMG_1858.JPG,infacted
Dataset/Original/Train/infacted_IMG_1859.JPG,infacted
Dataset/Original/Train/infacted_IMG_1860.JPG,infacted
Dataset/Original/Train/infacted_IMG_1861.JPG,infacted
Dataset/Original/Train/infacted_IMG_1863.JPG,infacted
Dataset/Original/Train/infacted_IMG_1864.JPG,infacted
Dataset/Original/Train/infacted_IMG_1866.JPG,infacted
Dataset/Original/Train/infacted_IMG_1867.JPG,infacted
Dataset/Original/Train/infacted_IMG_1868.JPG,infacted
Dataset/Original/Train/infacted_IMG_1869.JPG,infacted
Dataset/Original/Train/infacted_IMG_1872.JPG,infacted
Dataset/Original/Train/infacted_IMG_1874.JPG,infacted
Dataset/Original/Train/infacted_IMG_1875.JPG,infacted
Dataset/Original/Train/infacted_IMG_1877.JPG,infacted
Dataset/Original/Train/infacted_IMG_1878.JPG,infacted
Dataset/Original/Train/infacted_IMG_1879.JPG,infacted
Dataset/Original/Train/infacted_IMG_1880.JPG,infacted
Dataset/Original/Train/infacted_IMG_1882.JPG,infacted
Dataset/Original/Train/infacted_IMG_1883.JPG,infacted
Dataset/Original/Train/infacted_IMG_1884.JPG,infacted
Dataset/Original/Train/infacted_IMG_1885.JPG,infacted
Dataset/Original/Train/infacted_IMG_1886.JPG,infacted
Dataset/Original/Train/infacted_IMG_1888.JPG,infacted
Dataset/Original/Train/infacted_IMG_1889.JPG,infacted
Dataset/Original/Train/infacted_IMG_1890.JPG,infacted
Dataset/Original/Train/infacted_IMG_1891.JPG,infacted
Dataset/Original/Train/infacted_IMG_1892.JPG,infacted
Dataset/Original/Train/infacted_IMG_1894.JPG,infacted
Dataset/Original/Train/infacted_IMG_1895.JPG,infacted
Dataset/Original/Train/infacted_IMG_1896.JPG,infacted
Dataset/Original/Train/infacted_IMG_1897.JPG,infacted
Dataset/Original/Train/infacted_IMG_1898.JPG,infacted
Dataset/Original/Train/infacted_IMG_1899.JPG,infacted
Dataset/Original/Train/infacted_IMG_1900.JPG,infacted
Dataset/Original/Train/infacted_IMG_1901.JPG,infacted
Dataset/Original/Train/infacted_IMG_1902.JPG,infacted
Dataset/Original/Train/infacted_IMG_1903.JPG,infacted
Dataset/Original/Train/infacted_IMG_1904.JPG,infacted
Dataset/Original/Train/infacted_IMG_1905.JPG,infacted
Dataset/Original/Train/infacted_IMG_1907.JPG,infacted
Dataset/Original/Train/infacted_IMG_1908.JPG,infacted
Dataset/Original/Train/infacted_IMG_1909.JPG,infacted
Dataset/Original/Train/infacted_IMG_1910.JPG,infacted
Dataset/Original/Train/infacted_IMG_1911.JPG,infacted
Dataset/Original/Train/infacted_IMG_1913.JPG,infacted
Dataset/Original/Train/notinfacted_IMG-20230529-WA0000.jpg,notinfacted
Dataset/Original/Train/notinfacted_IMG-20230529-WA0002.jpg,notinfacted
Dataset/Original/Train/notinfacted_IMG-20230529-WA0003.jpg,notinfacted
Dataset/Original/Train/notinfacted_IMG-20230529-WA0004.jpg,notinfacted
Dataset/Original/Train/notinfacted_IMG-20230529-WA0005.jpg,notinfacted
Dataset/Original/Train/notinfacted_IMG-20230529-WA0006.jpg,notinfacted
Dataset/Original/Train/notinfacted_IMG-20230529-WA0007.jpg,notinfacted
Dataset/Original/Train/notinfacted_IMG-20230529-WA0008.jpg,notinfacted
Dataset/Original/Train/notinfacted_IMG-20230529-WA0009.jpg,notinfacted
Dataset/Original/Train/notinfacted_IMG-20230529-WA0011.jpg,notinfacted
Dataset/Original/Train/notinfacted_IMG-20230529-WA0012.jpg,notinfacted
Dataset/Original/Train/notinfacted_IMG-20230529-WA0013.jpg,notinfacted
Dataset/Original/Train/notinfacted_IMG-20230529-WA0014.jpg,notinfacted
Dataset/Original/Train/notinfacted_IMG-20230529-WA0015.jpg,notinfacted
Dataset/Original/Train/notinfacted_IMG-20230529-WA0016.jpg,notinfacted
Dataset/Original/Train/notinfacted_IMG-20230529-WA0017.jpg,notinfacted
Dataset/Original/Train/notinfacted_IMG-20230529-WA0019.jpg,notinfacted
Dataset/Original/Train/notinfacted_IMG-20230529-WA0020.jpg,notinfacted
Dataset/Original/Train/notinfacted_IMG-20230529-WA0021.jpg,notinfacted
Dataset/Original/Train/notinfacted_IMG-20230529-WA0023.jpg,notinfacted
Dataset/Original/Train/notinfacted_IMG-20230529-WA0026.jpg,notinfacted
Dataset/Original/Train/notinfacted_IMG-20230529-WA0027.jpg,notinfacted
Dataset/Original/Train/notinfacted_IMG-20230529-WA0028.jpg,notinfacted
Dataset/Original/Train/notinfacted_IMG-20230529-WA0029.jpg,notinfacted
Dataset/Original/Train/notinfacted_IMG-20230529-WA0030.jpg,notinfacted
Dataset/Original/Train/notinfacted_IMG-20230529-WA0031.jpg,notinfacted
Dataset/Original/Train/notinfacted_IMG-20230529-WA0032.jpg,notinfacted
Dataset/Original/Train/notinfacted_IMG-20230529-WA0033.jpg,notinfacted
Dataset/Original/Train/notinfacted_IMG-20230529-WA0036.jpg,notinfacted
Dataset/Original/Train/notinfacted_IMG-20230529-WA0039.jpg,notinfacted
Dataset/Original/Train/notinfacted_IMG-20230529-WA0040.jpg,notinfacted
Dataset/Original/Train/notinfacted_IMG-20230529-WA0042.jpg,notinfacted
Dataset/Original/Train/notinfacted_IMG-20230529-WA0043.jpg,notinfacted
Dataset/Original/Train/notinfacted_IMG-20230529-WA0044.jpg,notinfacted
Dataset/Original/Train/notinfacted_IMG-20230529-WA0045.jpg,notinfacted
Dataset/Original/Train/notinfacted_IMG-20230529-WA0046.jpg,notinfacted
Dataset/Original/Train/notinfacted_IMG-20230529-WA0047.jpg,notinfacted
Dataset/Original/Train/notinfacted_IMG-20230529-WA0048.jpg,notinfacted
Dataset/Original/Train/notinfacted_IMG-20230529-WA0050.jpg,notinfacted
Dataset/Original/Train/notinfacted_IMG-20230529-WA0051.jpg,notinfacted
Dataset/Original/Train/notinfacted_IMG-20230529-WA0052.jpg,notinfacted
Dataset/Original/Train/notinfacted_IMG-20230529-WA0053.jpg,notinfacted
Dataset/Original/Train/notinfacted_IMG-20230529-WA0054.jpg,notinfacted
Dataset/Original/Train/notinfacted_IMG-20230529-WA0055.jpg,notinfacted
Dataset/Original/Train/notinfacted_IMG-20230529-WA0056.jpg,notinfacted
Dataset/Original/Train/notinfacted_IMG-20230529-WA0057.jpg,notinfacted
Dataset/Original/Train/notinfacted_IMG-20230529-WA0058.jpg,notinfacted
Dataset/Original/Train/notinfacted_IMG-20230529-WA0059.jpg,notinfacted
Dataset/Original/Train/notinfacted_IMG-20230529-WA0060.jpg,notinfacted
Dataset/Original/Train/notinfacted_IMG-20230529-WA0061.jpg,notinfacted
Dataset/Original/Train/notinfacted_IMG-20230529-WA0062.jpg,notinfacted
Dataset/Original/Train/notinfacted_IMG-20230529-WA0063.jpg,notinfacted
Dataset/Original/Train/notinfacted_IMG-20230529-WA0064.jpg,notinfacted
Dataset/Original/Train/notinfacted_IMG-20230529-WA0065.jpg,notinfacted
Dataset/Original/Train/notinfacted_IMG-20230529-WA0066.jpg,notinfacted
Dataset/Original/Train/notinfacted_IMG-20230529-WA0068.jpg,notinfacted
Dataset/Original/Train/notinfacted_IMG-20230529-WA0069.jpg,notinfacted
Dataset/Original/Train/notinfacted_IMG-20230529-WA0070.jpg,notinfacted
Dataset/Original/Train/notinfacted_IMG-20230611-WA0005.jpg,notinfacted
Dataset/Original/Train/notinfacted_IMG-20230611-WA0007.jpg,notinfacted
Dataset/Original/Train/notinfacted_IMG-20230611-WA0009.jpg,notinfacted
Dataset/Original/Train/notinfacted_IMG-20230611-WA0025.jpg,notinfacted
Dataset/Original/Train/notinfacted_IMG-20230611-WA0026.jpg,notinfacted
Dataset/Original/Train/notinfacted_IMG-20230611-WA0027.jpg,notinfacted
Dataset/Original/Train/notinfacted_IMG-20230611-WA0031.jpg,notinfacted
Dataset/Original/Train/notinfacted_IMG-20230611-WA0033.jpg,notinfacted
Dataset/Original/Train/notinfacted_IMG-20230611-WA0034.jpg,notinfacted
Dataset/Original/Train/notinfacted_IMG-20230611-WA0036.jpg,notinfacted
Dataset/Original/Train/notinfacted_IMG-20230611-WA0038.jpg,notinfacted
Dataset/Original/Train/notinfacted_IMG-20230611-WA0039.jpg,notinfacted
Dataset/Original/Train/notinfacted_IMG20230610174906.jpg,notinfacted
Dataset/Original/Train/notinfacted_IMG20230610174925.jpg,notinfacted
Dataset/Original/Train/notinfacted_IMG20230610174951.jpg,notinfacted
Dataset/Original/Train/notinfacted_IMG20230610174956.jpg,notinfacted
Dataset/Original/Train/notinfacted_IMG20230610175000.jpg,notinfacted
Dataset/Original/Train/notinfacted_IMG20230610175014.jpg,notinfacted
Dataset/Original/Train/notinfacted_IMG20230610175021.jpg,notinfacted
Dataset/Original/Train/notinfacted_IMG20230610175227.jpg,notinfacted
Dataset/Original/Train/notinfacted_IMG20230610175248.jpg,notinfacted
Dataset/Original/Train/notinfacted_IMG20230610175258.jpg,notinfacted
Dataset/Original/Train/notinfacted_IMG20230610175307.jpg,notinfacted
Dataset/Original/Train/notinfacted_IMG20230610175312.jpg,notinfacted
Dataset/Original/Train/notinfacted_IMG20230610175325.jpg,notinfacted
Dataset/Original/Train/notinfacted_IMG20230610175358.jpg,notinfacted
Dataset/Original/Train/notinfacted_IMG20230610175401.jpg,notinfacted
Dataset/Original/Train/notinfacted_IMG20230610175405.jpg,notinfacted
Dataset/Original/Train/notinfacted_IMG20230610175433.jpg,notinfacted
Dataset/Original/Train/notinfacted_IMG20230610175439.jpg,notinfacted
Dataset/Original/Train/notinfacted_IMG20230610175443.jpg,notinfacted
Dataset/Original/Train/notinfacted_IMG20230610175446.jpg,notinfacted
Dataset/Original/Train/notinfacted_IMG20230610175500.jpg,notinfacted
Dataset/Original/Train/notinfacted_IMG20230610175506.jpg,notinfacted
Dataset/Original/Train/notinfacted_IMG20230610175516.jpg,notinfacted
Dataset/Original/Train/notinfacted_IMG20230610175635.jpg,notinfacted
Dataset/Original/Train/notinfacted_IMG20230610175651.jpg,notinfacted
Dataset/Original/Train/notinfacted_IMG20230610175655.jpg,notinfacted
Dataset/Original/Train/notinfacted_IMG20230610175700.jpg,notinfacted
Dataset/Original/Train/notinfacted_IMG20230610175716.jpg,notinfacted
Dataset/Original/Train/notinfacted_IMG20230610175720.jpg,notinfacted
Dataset/Original/Train/notinfacted_IMG20230610175732.jpg,notinfacted
Dataset/Original/Train/notinfacted_IMG20230610175737.jpg,notinfacted
Dataset/Original/Train/notinfacted_IMG20230610175748.jpg,notinfacted
Dataset/Original/Train/notinfacted_IMG20230610175753.jpg,notinfacted
Dataset/Original/Train/notinfacted_IMG20230610175758.jpg,notinfacted
Dataset/Original/Train/notinfacted_IMG20230610175810.jpg,notinfacted
Dataset/Original/Train/notinfacted_IMG20230610175815.jpg,notinfacted
Dataset/Original/Train/notinfacted_IMG20230610175818.jpg,notinfacted
Dataset/Original/Train/notinfacted_IMG20230610175843.jpg,notinfacted
Dataset/Original/Train/notinfacted_IMG20230610175859.jpg,notinfacted
Dataset/Original/Train/notinfacted_IMG20230610175902.jpg,notinfacted
Dataset/Original/Train/notinfacted_IMG20230610175910.jpg,notinfacted
Dataset/Original/Train/notinfacted_IMG20230610175922.jpg,notinfacted
Dataset/Original/Train/notinfacted_IMG20230610175925.jpg,notinfacted
Dataset/Original/Train/notinfacted_IMG20230610175941.jpg,notinfacted
Dataset/Original/Train/notinfacted_IMG20230610180008.jpg,notinfacted
Dataset/Original/Train/notinfacted_IMG20230610180120.jpg,notinfacted
Dataset/Original/Train/notinfacted_IMG20230610180122.jpg,notinfacted
Dataset/Original/Train/notinfacted_IMG20230610180126.jpg,notinfacted
Dataset/Original/Train/notinfacted_IMG20230610180139.jpg,notinfacted
Dataset/Original/Train/notinfacted_IMG20230610180154.jpg,notinfacted
Dataset/Original/Train/notinfacted_IMG20230610180157.jpg,notinfacted
Dataset/Original/Train/notinfacted_IMG20230610180209.jpg,notinfacted
Dataset/Original/Train/notinfacted_IMG20230610180232.jpg,notinfacted
Dataset/Original/Train/notinfacted_IMG20230610180236.jpg,notinfacted
Dataset/Original/Train/notinfacted_IMG20230610180245.jpg,notinfacted
Dataset/Original/Train/notinfacted_IMG20230610180249.jpg,notinfacted
Dataset/Original/Train/notinfacted_IMG20230610180326.jpg,notinfacted
Dataset/Original/Train/notinfacted_IMG20230610180335.jpg,notinfacted
Dataset/Original/Train/notinfacted_IMG20230610180340.jpg,notinfacted
Dataset/Original/Train/notinfacted_IMG20230610180414.jpg,notinfacted
Dataset/Original/Train/notinfacted_IMG20230610180418.jpg,notinfacted
Dataset/Original/Train/notinfacted_IMG20230610180423.jpg,notinfacted
Dataset/Original/Train/notinfacted_IMG20230610180431.jpg,notinfacted
Dataset/Original/Train/notinfacted_IMG20230610180516.jpg,notinfacted
Dataset/Original/Train/notinfacted_IMG20230610180520.jpg,notinfacted
Dataset/Original/Train/notinfacted_IMG20230610180523.jpg,notinfacted
Dataset/Original/Train/notinfacted_IMG20230610180651.jpg,notinfacted
Dataset/Original/Train/notinfacted_IMG20230610180653.jpg,notinfacted
Dataset/Original/Train/notinfacted_IMG20230610180658.jpg,notinfacted
Dataset/Original/Train/notinfacted_IMG20230610180712.jpg,notinfacted
Dataset/Original/Train/notinfacted_IMG20230610180716.jpg,notinfacted
Dataset/Original/Train/notinfacted_IMG20230610180720.jpg,notinfacted
Dataset/Original/Train/notinfacted_IMG20230610180722.jpg,notinfacted
Dataset/Original/Train/notinfacted_IMG20230610180730.jpg,notinfacted
Dataset/Original/Train/notinfacted_IMG20230610180743.jpg,notinfacted
Dataset/Original/Train/notinfacted_IMG20230610180748.jpg,notinfacted
Dataset/Original/Train/notinfacted_IMG20230610180752.jpg,notinfacted
Dataset/Original/Train/notinfacted_IMG20230610180759.jpg,notinfacted
Dataset/Original/Train/notinfacted_IMG20230610180803.jpg,notinfacted
Dataset/Original/Train/notinfacted_IMG20230610180815.jpg,notinfacted
Dataset/Original/Train/notinfacted_IMG20230610180818.jpg,notinfacted
Dataset/Original/Train/notinfacted_IMG20230610180822.jpg,notinfacted
Dataset/Original/Train/notinfacted_IMG20230610181000.jpg,notinfacted
Dataset/Original/Train/notinfacted_IMG20230610181006.jpg,notinfacted
Dataset/Original/Train/notinfacted_IMG20230610181010.jpg,notinfacted
Dataset/Original/Train/notinfacted_IMG20230610181015.jpg,notinfacted
Dataset/Original/Train/notinfacted_IMG20230610181019.jpg,notinfacted
Dataset/Original/Train/notinfacted_IMG20230610181044.jpg,notinfacted
Dataset/Original/Train/notinfacted_IMG20230610181103.jpg,notinfacted
Dataset/Original/Train/notinfacted_IMG20230610181120.jpg,notinfacted
Dataset/Original/Train/notinfacted_IMG20230610181125.jpg,notinfacted
Dataset/Original/Train/notinfacted_IMG20230610181153.jpg,notinfacted
Dataset/Original/Train/notinfacted_IMG20230610181202.jpg,notinfacted
Dataset/Original/Train/notinfacted_IMG20230610181207.jpg,notinfacted
Dataset/Original/Train/notinfacted_IMG20230610181220.jpg,notinfacted
Dataset/Original/Train/notinfacted_IMG20230610181223.jpg,notinfacted
Dataset/Original/Train/notinfacted_IMG20230610181237.jpg,notinfacted
Dataset/Original/Train/notinfacted_IMG20230610181241.jpg,notinfacted
Dataset/Original/Train/notinfacted_IMG20230610181316.jpg,notinfacted
Dataset/Original/Train/notinfacted_IMG20230610181325.jpg,notinfacted
Dataset/Original/Train/notinfacted_IMG20230610181332.jpg,notinfacted
Dataset/Original/Train/notinfacted_IMG20230610181336.jpg,notinfacted
Dataset/Original/Train/notinfacted_IMG20230610181341.jpg,notinfacted
Dataset/Original/Train/notinfacted_IMG20230610181353.jpg,notinfacted
Dataset/Original/Train/notinfacted_IMG20230610181404.jpg,notinfacted
Dataset/Original/Train/notinfacted_IMG20230610181431.jpg,notinfacted
Dataset/Original/Train/notinfacted_IMG20230610181446.jpg,notinfacted
Dataset/Original/Train/notinfacted_IMG20230610181450.jpg,notinfacted
Dataset/Original/Train/notinfacted_IMG20230610181459.jpg,notinfacted
Dataset/Original/Train/notinfacted_IMG20230610181501.jpg,notinfacted
Dataset/Original/Train/notinfacted_IMG20230610181528.jpg,notinfacted
Dataset/Original/Train/notinfacted_IMG20230610181536.jpg,notinfacted
Dataset/Original/Train/notinfacted_IMG20230610181541.jpg,notinfacted
Dataset/Original/Train/notinfacted_IMG20230610181553.jpg,notinfacted
Dataset/Original/Train/notinfacted_IMG20230610181555.jpg,notinfacted
Dataset/Original/Train/notinfacted_IMG20230610181558.jpg,notinfacted
Dataset/Original/Train/notinfacted_IMG20230610181600.jpg,notinfacted
Dataset/Original/Train/notinfacted_IMG20230610181617.jpg,notinfacted
Dataset/Original/Train/notinfacted_IMG20230610181626.jpg,notinfacted
Dataset/Original/Train/notinfacted_IMG20230610181641.jpg,notinfacted
Dataset/Original/Train/notinfacted_IMG20230610181645.jpg,notinfacted
Dataset/Original/Train/notinfacted_IMG20230610181649.jpg,notinfacted
Dataset/Original/Train/notinfacted_IMG20230610181708.jpg,notinfacted
Dataset/Original/Train/notinfacted_IMG20230610181718.jpg,notinfacted
Dataset/Original/Train/notinfacted_IMG20230610181728.jpg,notinfacted
Dataset/Original/Train/notinfacted_IMG20230610181733.jpg,notinfacted
Dataset/Original/Train/notinfacted_IMG20230610181741.jpg,notinfacted
Dataset/Original/Train/notinfacted_IMG20230610181824.jpg,notinfacted
Dataset/Original/Train/notinfacted_IMG20230610181829.jpg,notinfacted
Dataset/Original/Train/notinfacted_IMG20230610181905.jpg,notinfacted
Dataset/Original/Train/notinfacted_IMG20230610181916.jpg,notinfacted
Dataset/Original/Train/notinfacted_IMG20230610182242.jpg,notinfacted
Dataset/Original/Train/notinfacted_IMG20230610182246.jpg,notinfacted
Dataset/Original/Train/notinfacted_IMG20230610182259.jpg,notinfacted
Dataset/Original/Train/notinfacted_IMG20230610182301.jpg,notinfacted
Dataset/Original/Train/notinfacted_IMG20230610182306.jpg,notinfacted
Dataset/Original/Train/notinfacted_IMG20230610182310.jpg,notinfacted
Dataset/Original/Train/notinfacted_IMG20230610182326.jpg,notinfacted
Dataset/Original/Train/notinfacted_IMG20230610182330.jpg,notinfacted
Dataset/Original/Train/notinfacted_IMG20230610182334.jpg,notinfacted
Dataset/Original/Train/notinfacted_IMG20230610182341.jpg,notinfacted
Dataset/Original/Train/notinfacted_IMG20230610182345.jpg,notinfacted
Dataset/Original/Train/notinfacted_IMG20230610182347.jpg,notinfacted
Dataset/Original/Train/notinfacted_IMG20230610182352.jpg,notinfacted
Dataset/Original/Train/notinfacted_IMG20230610182507.jpg,notinfacted
Dataset/Original/Train/notinfacted_IMG20230610182515.jpg,notinfacted
Dataset/Original/Train/notinfacted_IMG20230610182520.jpg,notinfacted
Dataset/Original/Train/notinfacted_IMG20230610182524.jpg,notinfacted
Dataset/Original/Train/notinfacted_IMG20230610182527.jpg,notinfacted
Dataset/Original/Train/notinfacted_IMG20230610182530.jpg,notinfacted
Dataset/Original/Train/notinfacted_IMG20230610182539.jpg,notinfacted
Dataset/Original/Train/notinfacted_IMG20230610182550.jpg,notinfacted
Dataset/Original/Train/notinfacted_IMG20230610182553.jpg,notinfacted
Dataset/Original/Train/notinfacted_IMG20230610182556.jpg,notinfacted
Dataset/Original/Train/notinfacted_IMG20230610182612.jpg,notinfacted
Dataset/Original/Train/notinfacted_IMG20230610182615.jpg,notinfacted
Dataset/Original/Train/notinfacted_IMG20230610182620.jpg,notinfacted
Dataset/Original/Train/notinfacted_IMG20230610182633.jpg,notinfacted
Dataset/Original/Train/notinfacted_IMG20230610182635.jpg,notinfacted
Dataset/Original/Train/notinfacted_IMG20230610182649.jpg,notinfacted
Dataset/Original/Train/notinfacted_IMG20230610182655.jpg,notinfacted
Dataset/Original/Train/notinfacted_IMG20230610182701.jpg,notinfacted
Dataset/Original/Train/notinfacted_IMG20230610182704.jpg,notinfacted
Dataset/Original/Train/notinfacted_IMG20230610182711.jpg,notinfacted
Dataset/Original/Train/notinfacted_IMG20230610182715.jpg,notinfacted
Dataset/Original/Train/notinfacted_IMG20230610182722.jpg,notinfacted
Dataset/Original/Train/notinfacted_IMG20230610182726.jpg,notinfacted
Dataset/Original/Train/notinfacted_IMG20230610182729.jpg,notinfacted
Dataset/Original/Train/notinfacted_IMG20230610182732.jpg,notinfacted
Dataset/Original/Train/notinfacted_IMG20230610182932.jpg,notinfacted
Dataset/Original/Train/notinfacted_IMG20230610182935.jpg,notinfacted
Dataset/Original/Train/notinfacted_IMG20230610182943.jpg,notinfacted
Dataset/Original/Train/notinfacted_IMG20230610182946.jpg,notinfacted
Dataset/Original/Train/notinfacted_IMG20230610182958.jpg,notinfacted
Dataset/Original/Train/notinfacted_IMG20230610183005.jpg,notinfacted
Dataset/Original/Train/notinfacted_IMG20230610183011.jpg,notinfacted
Dataset/Original/Train/notinfacted_IMG20230610183016.jpg,notinfacted
Dataset/Original/Train/notinfacted_IMG20230610183019.jpg,notinfacted
Dataset/Original/Train/notinfacted_IMG20230610183022.jpg,notinfacted
Dataset/Original/Train/notinfacted_IMG20230610183029.jpg,notinfacted
Dataset/Original/Train/notinfacted_IMG20230610183047.jpg,notinfacted
Dataset/Original/Train/notinfacted_IMG20230610183052.jpg,notinfacted
Dataset/Original/Train/notinfacted_IMG20230610183113.jpg,notinfacted
Dataset/Original/Train/notinfacted_IMG20230610183126.jpg,notinfacted
Dataset/Original/Train/notinfacted_IMG20230610183140.jpg,notinfacted
Dataset/Original/Train/notinfacted_IMG20230807183048.jpg,notinfacted
Dataset/Original/Train/notinfacted_IMG20230807183101.jpg,notinfacted
Dataset/Original/Train/notinfacted_IMG20230807183118.jpg,notinfacted
Dataset/Original/Train/notinfacted_IMG20230807183123.jpg,notinfacted
Dataset/Original/Train/notinfacted_IMG20230807183126.jpg,notinfacted
Dataset/Original/Train/notinfacted_IMG20230807183129.jpg,notinfacted
Dataset/Original/Train/notinfacted_IMG20230807183140.jpg,notinfacted
Dataset/Original/Train/notinfacted_IMG20230807183142.jpg,notinfacted
Dataset/Original/Train/notinfacted_IMG20230807183151.jpg,notinfacted
Dataset/Original/Train/notinfacted_IMG20230807183156.jpg,notinfacted
Dataset/Original/Train/notinfacted_IMG20230807183202.jpg,notinfacted
Dataset/Original/Train/notinfacted_IMG20230807183204.jpg,notinfacted
Dataset/Original/Train/notinfacted_IMG20230807183209.jpg,notinfacted
Dataset/Original/Train/notinfacted_IMG20230807183231.jpg,notinfacted
Dataset/Original/Train/notinfacted_IMG20230807183245.jpg,notinfacted
Dataset/Original/Train/notinfacted_IMG20230807183248.jpg,notinfacted
Dataset/Original/Train/notinfacted_IMG20230807183251.jpg,notinfacted
Dataset/Original/Train/notinfacted_IMG20230807183254.jpg,notinfacted
Dataset/Original/Train/notinfacted_IMG20230807183258.jpg,notinfacted
Dataset/Original/Train/notinfacted_IMG20230807183305.jpg,notinfacted
Dataset/Original/Train/notinfacted_IMG20230807183313.jpg,notinfacted
Dataset/Original/Train/notinfacted_IMG20230807183326.jpg,notinfacted
Dataset/Original/Train/notinfacted_IMG20230807183336.jpg,notinfacted
Dataset/Original/Train/notinfacted_IMG20230807183340.jpg,notinfacted
Dataset/Original/Train/notinfacted_IMG20230807183350.jpg,notinfacted
Dataset/Original/Train/notinfacted_IMG20230807183444.jpg,notinfacted
Dataset/Original/Train/notinfacted_IMG20230807183449.jpg,notinfacted
Dataset/Original/Train/notinfacted_IMG20230807183453.jpg,notinfacted
Dataset/Original/Train/notinfacted_IMG20230807183509.jpg,notinfacted
Dataset/Original/Train/notinfacted_IMG20230807183513.jpg,notinfacted
Dataset/Original/Train/notinfacted_IMG20230807183517.jpg,notinfacted
Dataset/Original/Train/notinfacted_IMG20230807183520.jpg,notinfacted
Dataset/Original/Train/notinfacted_IMG20230807183559.jpg,notinfacted
Dataset/Original/Train/notinfacted_IMG20230807183602.jpg,notinfacted
Dataset/Original/Train/notinfacted_IMG20230807183609.jpg,notinfacted
Dataset/Original/Train/notinfacted_IMG20230807183622.jpg,notinfacted
Dataset/Original/Train/notinfacted_IMG20230807183629.jpg,notinfacted
Dataset/Original/Train/notinfacted_IMG20230807183634.jpg,notinfacted
Dataset/Original/Train/notinfacted_IMG20230807183640.jpg,notinfacted
Dataset/Original/Train/notinfacted_IMG20230807183644.jpg,notinfacted
Dataset/Original/Train/notinfacted_IMG20230807183649.jpg,notinfacted
Dataset/Original/Train/notinfacted_IMG20230807183652.jpg,notinfacted
Dataset/Original/Train/notinfacted_IMG20230807183700.jpg,notinfacted
Dataset/Original/Train/notinfacted_IMG20230807183706.jpg,notinfacted
Dataset/Original/Train/notinfacted_IMG20230807183734.jpg,notinfacted
Dataset/Original/Train/notinfacted_IMG20230807183739.jpg,notinfacted
Dataset/Original/Train/notinfacted_IMG20230807183742.jpg,notinfacted
Dataset/Original/Train/notinfacted_IMG20230807183831.jpg,notinfacted
Dataset/Original/Train/notinfacted_IMG20230807183835.jpg,notinfacted
Dataset/Original/Train/notinfacted_IMG20230807183840.jpg,notinfacted
Dataset/Original/Train/notinfacted_IMG20230807183922.jpg,notinfacted
Dataset/Original/Train/notinfacted_IMG20230807183928.jpg,notinfacted
Dataset/Original/Train/notinfacted_IMG20230807183944.jpg,notinfacted
Dataset/Original/Train/notinfacted_IMG_1969.JPG,notinfacted
Dataset/Original/Train/notinfacted_IMG_1970.JPG,notinfacted
Dataset/Original/Train/notinfacted_IMG_1971.JPG,notinfacted
Dataset/Original/Train/notinfacted_IMG_1974.JPG,notinfacted
Dataset/Original/Train/notinfacted_IMG_1976.JPG,notinfacted
Dataset/Original/Train/notinfacted_IMG_1978.JPG,notinfacted
Dataset/Original/Train/notinfacted_IMG_1979.JPG,notinfacted
Dataset/Original/Train/notinfacted_IMG_1980.JPG,notinfacted
Dataset/Original/Train/notinfacted_IMG_1982.JPG,notinfacted
Dataset/Original/Train/notinfacted_IMG_1983.JPG,notinfacted
Dataset/Original/Train/notinfacted_IMG_1984.JPG,notinfacted
Dataset/Original/Train/notinfacted_IMG_1986.JPG,notinfacted
Dataset/Original/Train/notinfacted_IMG_1987.JPG,notinfacted
Dataset/Original/Train/notinfacted_IMG_1988.JPG,notinfacted
Dataset/Original/Train/notinfacted_IMG_1989.JPG,notinfacted
Dataset/Original/Train/notinfacted_IMG_1990.JPG,notinfacted
Dataset/Original/Train/notinfacted_IMG_1991.JPG,notinfacted
Dataset/Original/Train/notinfacted_IMG_1993.JPG,notinfacted
Dataset/Original/Train/notinfacted_IMG_1994.JPG,notinfacted
Dataset/Original/Train/notinfacted_IMG_1995.JPG,notinfacted
Dataset/Original/Train/notinfacted_IMG_1996.JPG,notinfacted
Dataset/Original/Train/notinfacted_IMG_1997.JPG,notinfacted
Dataset/Original/Train/notinfacted_IMG_1999.JPG,notinfacted
Dataset/Original/Train/notinfacted_IMG_2001.JPG,notinfacted
Dataset/Original/Train/notinfacted_IMG_2002.JPG,notinfacted
Dataset/Original/Train/notinfacted_IMG_2003.JPG,notinfacted
Dataset/Original/Train/notinfacted_IMG_2005.JPG,notinfacted
Dataset/Original/Train/notinfacted_IMG_2006.JPG,notinfacted
Dataset/Original/Train/notinfacted_IMG_2007.JPG,notinfacted
Dataset/Original/Train/notinfacted_IMG_2008.JPG,notinfacted
Dataset/Original/Train/notinfacted_IMG_2009.JPG,notinfacted
Dataset/Original/Train/notinfacted_IMG_2010.JPG,notinfacted
Dataset/Original/Train/notinfacted_IMG_2011.JPG,notinfacted
Dataset/Original/Train/notinfacted_IMG_2012.JPG,notinfacted
Dataset/Original/Train/notinfacted_IMG_2014.JPG,notinfacted
Dataset/Original/Train/notinfacted_IMG_2015.JPG,notinfacted
Dataset/Original/Train/notinfacted_IMG_2016.JPG,notinfacted
Dataset/Original/Train/notinfacted_IMG_2018.JPG,notinfacted
Dataset/Original/Train/notinfacted_IMG_2021.JPG,notinfacted
Dataset/Original/Train/notinfacted_IMG_2023.JPG,notinfacted
Dataset/Original/Train/notinfacted_IMG_20230612_125907.jpg,notinfacted
Dataset/Original/Train/notinfacted_IMG_20230612_125911.jpg,notinfacted
Dataset/Original/Train/notinfacted_IMG_20230612_125915.jpg,notinfacted
Dataset/Original/Train/notinfacted_IMG_20230612_125943.jpg,notinfacted
Dataset/Original/Train/notinfacted_IMG_20230612_125947.jpg,notinfacted
Dataset/Original/Train/notinfacted_IMG_20230612_125951.jpg,notinfacted
Dataset/Original/Train/notinfacted_IMG_20230612_125957.jpg,notinfacted
Dataset/Original/Train/notinfacted_IMG_20230612_130000.jpg,notinfacted
Dataset/Original/Train/notinfacted_IMG_20230612_130011.jpg,notinfacted
Dataset/Original/Train/notinfacted_IMG_20230612_130016.jpg,notinfacted
Dataset/Original/Train/notinfacted_IMG_20230612_130024.jpg,notinfacted
Dataset/Original/Train/notinfacted_IMG_20230612_130039.jpg,notinfacted
Dataset/Original/Train/notinfacted_IMG_20230612_130055.jpg,notinfacted
Dataset/Original/Train/notinfacted_IMG_20230612_130319.jpg,notinfacted
Dataset/Original/Train/notinfacted_IMG_20230612_130326.jpg,notinfacted
Dataset/Original/Train/notinfacted_IMG_20230612_130328.jpg,notinfacted
Dataset/Original/Train/notinfacted_IMG_20230612_130343.jpg,notinfacted
Dataset/Original/Train/notinfacted_IMG_20230612_130347.jpg,notinfacted
Dataset/Original/Train/notinfacted_IMG_20230612_130350.jpg,notinfacted
Dataset/Original/Train/notinfacted_IMG_20230612_130400.jpg,notinfacted
Dataset/Original/Train/notinfacted_IMG_20230612_130405.jpg,notinfacted
Dataset/Original/Train/notinfacted_IMG_20230612_130740.jpg,notinfacted
Dataset/Original/Train/notinfacted_IMG_20230612_130809.jpg,notinfacted
Dataset/Original/Train/notinfacted_IMG_20230612_130815.jpg,notinfacted
Dataset/Original/Train/notinfacted_IMG_20230612_130817.jpg,notinfacted
Dataset/Original/Train/notinfacted_IMG_20230616_153338.jpg,notinfacted
Dataset/Original/Train/notinfacted_IMG_20230616_153344.jpg,notinfacted
Dataset/Original/Train/notinfacted_IMG_20230616_153345.jpg,notinfacted
Dataset/Original/Train/notinfacted_IMG_20230616_153421.jpg,notinfacted
Dataset/Original/Train/notinfacted_IMG_20230616_153454.jpg,notinfacted
Dataset/Original/Train/notinfacted_IMG_20230616_153459.jpg,notinfacted
Dataset/Original/Train/notinfacted_IMG_20230616_153500.jpg,notinfacted
Dataset/Original/Train/notinfacted_IMG_20230616_153503.jpg,notinfacted
Dataset/Original/Train/notinfacted_IMG_20230616_153507.jpg,notinfacted
Dataset/Original/Train/notinfacted_IMG_20230618_002604.jpg,notinfacted
Dataset/Original/Train/notinfacted_IMG_2024.JPG,notinfacted
Dataset/Original/Train/notinfacted_IMG_2025.JPG,notinfacted
Dataset/Original/Train/notinfacted_IMG_2026.JPG,notinfacted
Dataset/Original/Train/notinfacted_IMG_2030.JPG,notinfacted
Dataset/Original/Train/notinfacted_IMG_2031.JPG,notinfacted
Dataset/Original/Train/notinfacted_IMG_2032.JPG,notinfacted
Dataset/Original/Train/notinfacted_IMG_2033.JPG,notinfacted
Dataset/Original/Train/notinfacted_IMG_2034.JPG,notinfacted
Dataset/Original/Train/notinfacted_IMG_2037.JPG,notinfacted
Dataset/Original/Train/notinfacted_IMG_2038.JPG,notinfacted
Dataset/Original/Train/notinfacted_IMG_2040.JPG,notinfacted
Dataset/Original/Train/notinfacted_IMG_2041.JPG,notinfacted
Dataset/Original/Train/notinfacted_IMG_2042.JPG,notinfacted
Dataset/Original/Train/notinfacted_IMG_2043.JPG,notinfacted
Dataset/Original/Train/notinfacted_IMG_2044.JPG,notinfacted
Dataset/Original/Train/notinfacted_IMG_2045.JPG,notinfacted
Dataset/Original/Train/notinfacted_IMG_2047.JPG,notinfacted
Dataset/Original/Train/notinfacted_IMG_2048.JPG,notinfacted
Dataset/Original/Train/notinfacted_IMG_2057.JPG,notinfacted
Dataset/Original/Train/notinfacted_IMG_2058.JPG,notinfacted
Dataset/Original/Train/notinfacted_IMG_2059.JPG,notinfacted
Dataset/Original/Train/notinfacted_IMG_2062.JPG,notinfacted
Dataset/Original/Train/notinfacted_IMG_2063.JPG,notinfacted
Dataset/Original/Train/notinfacted_IMG_2064.JPG,notinfacted
Dataset/Original/Train/notinfacted_IMG_2065.JPG,notinfacted
Dataset/Original/Train/notinfacted_IMG_2066.JPG,notinfacted
Dataset/Original/Train/notinfacted_IMG_2067.JPG,notinfacted
Dataset/Original/Train/notinfacted_IMG_2068.JPG,notinfacted
Dataset/Original/Train/notinfacted_IMG_2069.JPG,notinfacted
Dataset/Original/Train/notinfacted_IMG_2070.JPG,notinfacted
Dataset/Original/Train/notinfacted_IMG_2071.JPG,notinfacted
Dataset/Original/Train/notinfacted_IMG_2073.JPG,notinfacted
Dataset/Original/Train/notinfacted_IMG_2074.JPG,notinfacted
Dataset/Original/Train/notinfacted_IMG_2075.JPG,notinfacted
Dataset/Original/Train/notinfacted_IMG_2076.JPG,notinfacted
Dataset/Original/Train/notinfacted_IMG_2077.JPG,notinfacted
Dataset/Original/Train/notinfacted_IMG_2079.JPG,notinfacted
Dataset/Original/Train/notinfacted_IMG_2080.JPG,notinfacted
Dataset/Original/Train/notinfacted_IMG_2091.JPG,notinfacted
Dataset/Original/Train/notinfacted_IMG_2092.JPG,notinfacted
Dataset/Original/Train/notinfacted_IMG_2093.JPG,notinfacted
Dataset/Original/Train/notinfacted_IMG_2096.JPG,notinfacted
Dataset/Original/Train/notinfacted_IMG_2097.JPG,notinfacted
Dataset/Original/Train/notinfacted_IMG_3228.JPG,notinfacted
Dataset/Original/Train/notinfacted_IMG_3229.JPG,notinfacted
Dataset/Original/Train/notinfacted_IMG_3230.JPG,notinfacted
Dataset/Original/Train/notinfacted_IMG_3231.JPG,notinfacted
Dataset/Original/Train/notinfacted_IMG_3232.JPG,notinfacted
Dataset/Original/Train/notinfacted_IMG_3235.JPG,notinfacted
Dataset/Original/Train/notinfacted_IMG_3236.JPG,notinfacted
Dataset/Original/Train/notinfacted_IMG_3238.JPG,notinfacted
Dataset/Original/Train/notinfacted_IMG_3239.JPG,notinfacted
Dataset/Original/Train/notinfacted_IMG_3241.JPG,notinfacted
Dataset/Original/Train/notinfacted_IMG_3242.JPG,notinfacted
